Haris Kordic born: 14 54 2021 is currently in 3  semester of the  academic 2021/22 year. Email: Haris.Kordic@domain.com, Phone number: 065847859, gender: Male
Goran Ahmedovski born: 09 00 2022 is currently in 5  semester of the  academic 2021/22 year. Email: Goran.Ahmedovski@domain.com, Phone number: 723475134, gender: Male
Igor Ahmedovski born: 09 01 2022 is currently in 5  semester of the  academic 2021/22 year. Email: Igor.Ahmedovski@domain.com, Phone number: 635976087, gender: Male
Sara Ahmedovski born: 09 02 2022 is currently in 5  semester of the  academic 2021/22 year. Email: Sara.Ahmedovski@domain.com, Phone number: 754304289, gender: Male
Delton Ahmedovski born: 09 04 2022 is currently in 5  semester of the  academic 2021/22 year. Email: Delton.Ahmedovski@domain.com, Phone number: 220154832, gender: Male
Mia Ahmedovski born: 09 05 2022 is currently in 5  semester of the  academic 2021/22 year. Email: Mia.Ahmedovski@domain.com, Phone number: 513341262, gender: Male
Kian Kordic born: 09 05 2022 is currently in 5  semester of the  academic 2021/22 year. Email: Kian.Kordic@domain.com, Phone number: 162962044, gender: Male
Jason Taylor born: 09 06 2022 is currently in 5  semester of the  academic 2021/22 year. Email: Jason.Taylor@domain.com, Phone number: 250382141, gender: Male
Durin Taylor born: 09 06 2022 is currently in 5  semester of the  academic 2021/22 year. Email: Durin.Taylor@domain.com, Phone number: 839088183, gender: Male
Michael Tague born: 09 07 2022 is currently in 5  semester of the  academic 2021/22 year. Email: Michael.Tague@domain.com, Phone number: 419345085, gender: Male
Osman Meraquez born: 09 07 2022 is currently in 5  semester of the  academic 2021/22 year. Email: Osman.Meraquez@domain.com, Phone number: 421583071, gender: Male
Miki Meraquez born: 09 08 2022 is currently in 5  semester of the  academic 2021/22 year. Email: Miki.Meraquez@domain.com, Phone number: 527166436, gender: Male
Sara Meraquez born: 09 08 2022 is currently in 5  semester of the  academic 2021/22 year. Email: Sara.Meraquez@domain.com, Phone number: 643917395, gender: Female
Diana Meraquez born: 09 09 2022 is currently in 5  semester of the  academic 2021/22 year. Email: Diana.Meraquez@domain.com, Phone number: 291038696, gender: Female
Lola Fuanel born: 09 11 2022 is currently in 5  semester of the  academic 2021/22 year. Email: Lola.Fuanel@domain.com, Phone number: 106393492, gender: Female
Selma Fuanel born: 09 12 2022 is currently in 5  semester of the  academic 2021/22 year. Email: Selma.Fuanel@domain.com, Phone number: 244193588, gender: Female
Elma Nuredinovski born: 09 12 2022 is currently in 5  semester of the  academic 2021/22 year. Email: Elma.Nuredinovski@domain.com, Phone number: 318805700, gender: Female
Gigor Osmanagic born: 09 13 2022 is currently in 5  semester of the  academic 2021/22 year. Email: Gigor.Osmanagic@domain.com, Phone number: 266501445, gender: Male
Osman Osmanagic born: 09 13 2022 is currently in 5  semester of the  academic 2021/22 year. Email: Osman.Osmanagic@domain.com, Phone number: 794615632, gender: Male
Denis Osmanagic born: 09 14 2022 is currently in 5  semester of the  academic 2021/22 year. Email: Denis.Osmanagic@domain.com, Phone number: 025209577, gender: Male
Denis Boskovic born: 09 14 2022 is currently in 5  semester of the  academic 2021/22 year. Email: Denis.Boskovic@domain.com, Phone number: 380817387, gender: Male
Osman Gegic born: 09 08 2022 is currently in 4  semester of the  academic 2021/22 year. Email: Osman.Gegic@domain.com, Phone number: 035648759, gender: Male
